一级分类链接,二级分类链接
/gp/bestsellers/grocery,/gp/bestsellers/grocery/17724549011
/gp/bestsellers/grocery,/gp/bestsellers/grocery/122426689011
/gp/bestsellers/grocery,/gp/bestsellers/grocery/14129383011
/gp/bestsellers/grocery,/gp/bestsellers/grocery/17724678011
/gp/bestsellers/grocery,/gp/bestsellers/grocery/17724559011
/gp/bestsellers/grocery,/gp/bestsellers/grocery/17724598011
/gp/bestsellers/grocery,/gp/bestsellers/grocery/17724750011
/gp/bestsellers/grocery,/gp/bestsellers/grocery/122426690011
/gp/bestsellers/grocery,/gp/bestsellers/grocery/118520741011
/gp/bestsellers/grocery,/gp/bestsellers/grocery/17724630011
/gp/bestsellers/grocery,/gp/bestsellers/grocery/17724660011
/gp/bestsellers/grocery,/gp/bestsellers/grocery/122426687011
/gp/bestsellers/grocery,/gp/bestsellers/grocery/122426691011
/gp/bestsellers/grocery,/gp/bestsellers/grocery/17724670011
/gp/bestsellers/grocery,/gp/bestsellers/grocery/17724675011
/gp/bestsellers/grocery,/gp/bestsellers/grocery/17724691011
/gp/bestsellers/grocery,/gp/bestsellers/grocery/17724686011
/gp/bestsellers/grocery,/gp/bestsellers/grocery/18234326011
/gp/bestsellers/grocery,/gp/bestsellers/grocery/122426692011
/gp/bestsellers/grocery,/gp/bestsellers/grocery/122426688011
/gp/bestsellers/grocery,/gp/bestsellers/grocery/17861876011
/gp/bestsellers/grocery,/gp/bestsellers/grocery/17724730011
/gp/bestsellers/grocery,/gp/bestsellers/grocery/122426693011
/gp/bestsellers/amazon-renewed,/gp/bestsellers/amazon-renewed/121469803011
/gp/bestsellers/amazon-renewed,/gp/bestsellers/amazon-renewed/23612912011
/gp/bestsellers/amazon-renewed,/gp/bestsellers/amazon-renewed/23704234011
/gp/bestsellers/amazon-renewed,/gp/bestsellers/amazon-renewed/23612916011
/gp/bestsellers/amazon-renewed,/gp/bestsellers/amazon-renewed/23612915011
/gp/bestsellers/amazon-renewed,/gp/bestsellers/amazon-renewed/23617122011
/gp/bestsellers/amazon-renewed,/gp/bestsellers/amazon-renewed/23612908011
/gp/bestsellers/amazon-renewed,/gp/bestsellers/amazon-renewed/16880763011
/gp/bestsellers/amazon-renewed,/gp/bestsellers/amazon-renewed/23612911011
/gp/bestsellers/amazon-renewed,/gp/bestsellers/amazon-renewed/21617509011
/gp/bestsellers/amazon-renewed,/gp/bestsellers/amazon-renewed/16880760011
/gp/bestsellers/amazon-renewed,/gp/bestsellers/amazon-renewed/60096667011
/gp/bestsellers/amazon-renewed,/gp/bestsellers/amazon-renewed/23612913011
/gp/bestsellers/amazon-renewed,/gp/bestsellers/amazon-renewed/16880762011
/gp/bestsellers/amazon-renewed,/gp/bestsellers/amazon-renewed/21612897011
/gp/bestsellers/amazon-renewed,/gp/bestsellers/amazon-renewed/23612909011
/gp/bestsellers/amazon-renewed,/gp/bestsellers/amazon-renewed/23612920011
/gp/bestsellers/amazon-renewed,/gp/bestsellers/amazon-renewed/23612917011
/gp/bestsellers/amazon-renewed,/gp/bestsellers/amazon-renewed/23973320011
/gp/bestsellers/automotive,/gp/bestsellers/automotive/14327167011
/gp/bestsellers/automotive,/gp/bestsellers/automotive/14327168011
/gp/bestsellers/automotive,/gp/bestsellers/automotive/14327169011
/gp/bestsellers/automotive,/gp/bestsellers/automotive/14327172011
/gp/bestsellers/automotive,/gp/bestsellers/automotive/14327174011
/gp/bestsellers/automotive,/gp/bestsellers/automotive/14327173011
/gp/bestsellers/automotive,/gp/bestsellers/automotive/14327176011
/gp/bestsellers/automotive,/gp/bestsellers/automotive/14327178011
/gp/bestsellers/automotive,/gp/bestsellers/automotive/14327179011
/gp/bestsellers/automotive,/gp/bestsellers/automotive/9841070011
/gp/bestsellers/automotive,/gp/bestsellers/automotive/14327180011
/gp/bestsellers/baby,/gp/bestsellers/baby/9841059011
/gp/bestsellers/baby,/gp/bestsellers/baby/9841065011
/gp/bestsellers/baby,/gp/bestsellers/baby/14092999011
/gp/bestsellers/baby,/gp/bestsellers/baby/9841060011
/gp/bestsellers/baby,/gp/bestsellers/baby/9841071011
/gp/bestsellers/baby,/gp/bestsellers/baby/9841061011
/gp/bestsellers/baby,/gp/bestsellers/baby/9841063011
/gp/bestsellers/baby,/gp/bestsellers/baby/9841064011
/gp/bestsellers/baby,/gp/bestsellers/baby/9841066011
/gp/bestsellers/baby,/gp/bestsellers/baby/9841062011
/gp/bestsellers/baby,/gp/bestsellers/baby/9841067011
/gp/bestsellers/baby,/gp/bestsellers/baby/9841068011
/gp/bestsellers/baby,/gp/bestsellers/baby/14093233011
/gp/bestsellers/baby,/gp/bestsellers/baby/9841069011
/gp/bestsellers/baby,/gp/bestsellers/baby/9841070011
/gp/bestsellers/beauty,/gp/bestsellers/beauty/10178362011
/gp/bestsellers/beauty,/gp/bestsellers/beauty/10178470011
/gp/bestsellers/beauty,/gp/bestsellers/beauty/10178562011
/gp/bestsellers/beauty,/gp/bestsellers/beauty/10178402011
/gp/bestsellers/beauty,/gp/bestsellers/beauty/23623494011
/gp/bestsellers/beauty,/gp/bestsellers/beauty/16637843011
/gp/bestsellers/beauty,/gp/bestsellers/beauty/10178508011
/gp/bestsellers/beauty,/gp/bestsellers/beauty/10178384011
/gp/bestsellers/beauty,/gp/bestsellers/beauty/9845475011
/gp/bestsellers/beauty,/gp/bestsellers/beauty/10178655011
/gp/bestsellers/sports,/gp/bestsellers/sports/20687658011
/gp/bestsellers/sports,/gp/bestsellers/sports/9783917011
/gp/bestsellers/sports,/gp/bestsellers/sports/9784513011
/gp/bestsellers/sports,/gp/bestsellers/sports/9783947011
/gp/bestsellers/sports,/gp/bestsellers/sports/9784025011
/gp/bestsellers/sports,/gp/bestsellers/sports/9784163011
/gp/bestsellers/sports,/gp/bestsellers/sports/9784119011
/gp/bestsellers/sports,/gp/bestsellers/sports/9784285011
/gp/bestsellers/sports,/gp/bestsellers/sports/9790610011
/gp/bestsellers/sports,/gp/bestsellers/sports/9784303011
/gp/bestsellers/sports,/gp/bestsellers/sports/9784332011
/gp/bestsellers/sports,/gp/bestsellers/sports/9784072011
/gp/bestsellers/sports,/gp/bestsellers/sports/9784206011
/gp/bestsellers/sports,/gp/bestsellers/sports/9784381011
/gp/bestsellers/sports,/gp/bestsellers/sports/9783688011
/gp/bestsellers/sports,/gp/bestsellers/sports/9784387011
/gp/bestsellers/sports,/gp/bestsellers/sports/23501687011
/gp/bestsellers/sports,/gp/bestsellers/sports/9784530011
/gp/bestsellers/sports,/gp/bestsellers/sports/9790484011
/gp/bestsellers/sports,/gp/bestsellers/sports/9785808011
/gp/bestsellers/sports,/gp/bestsellers/sports/9785852011
/gp/bestsellers/sports,/gp/bestsellers/sports/9785884011
/gp/bestsellers/sports,/gp/bestsellers/sports/23501685011
/gp/bestsellers/sports,/gp/bestsellers/sports/9785900011
/gp/bestsellers/sports,/gp/bestsellers/sports/9789917011
/gp/bestsellers/sports,/gp/bestsellers/sports/9786518011
/gp/bestsellers/sports,/gp/bestsellers/sports/9786293011
/gp/bestsellers/sports,/gp/bestsellers/sports/9786306011
/gp/bestsellers/sports,/gp/bestsellers/sports/9788432011
/gp/bestsellers/sports,/gp/bestsellers/sports/9786520011
/gp/bestsellers/sports,/gp/bestsellers/sports/9786552011
/gp/bestsellers/sports,/gp/bestsellers/sports/24003604011
/gp/bestsellers/sports,/gp/bestsellers/sports/9788628011
/gp/bestsellers/sports,/gp/bestsellers/sports/9788629011
/gp/bestsellers/sports,/gp/bestsellers/sports/9788773011
/gp/bestsellers/sports,/gp/bestsellers/sports/9788807011
/gp/bestsellers/sports,/gp/bestsellers/sports/9790004011
/gp/bestsellers/sports,/gp/bestsellers/sports/9790030011
/gp/bestsellers/sports,/gp/bestsellers/sports/9790035011
/gp/bestsellers/sports,/gp/bestsellers/sports/9790060011
/gp/bestsellers/sports,/gp/bestsellers/sports/9790642011
/gp/bestsellers/sports,/gp/bestsellers/sports/9790065011
/gp/bestsellers/sports,/gp/bestsellers/sports/9790106011
/gp/bestsellers/sports,/gp/bestsellers/sports/9790588011
/gp/bestsellers/sports,/gp/bestsellers/sports/9790153011
/gp/bestsellers/sports,/gp/bestsellers/sports/9790170011
/gp/bestsellers/sports,/gp/bestsellers/sports/9790189011
/gp/bestsellers/sports,/gp/bestsellers/sports/9790376011
/gp/bestsellers/sports,/gp/bestsellers/sports/9790427011
/gp/bestsellers/sports,/gp/bestsellers/sports/9790095011
/gp/bestsellers/sports,/gp/bestsellers/sports/9790436011
/gp/bestsellers/sports,/gp/bestsellers/sports/23501688011
/gp/bestsellers/sports,/gp/bestsellers/sports/9790443011
/gp/bestsellers/sports,/gp/bestsellers/sports/23501686011
/gp/bestsellers/sports,/gp/bestsellers/sports/9790446011
/gp/bestsellers/sports,/gp/bestsellers/sports/9790620011
/gp/bestsellers/sports,/gp/bestsellers/sports/9790648011
/gp/bestsellers/sports,/gp/bestsellers/sports/9790677011
/gp/bestsellers/sports,/gp/bestsellers/sports/9786636011
/gp/bestsellers/sports,/gp/bestsellers/sports/9790741011
/gp/bestsellers/sports,/gp/bestsellers/sports/9790774011
/gp/bestsellers/sports,/gp/bestsellers/sports/9790790011
/gp/bestsellers/sports,/gp/bestsellers/sports/9790795011
/gp/bestsellers/amazon-devices,/gp/bestsellers/amazon-devices/6507959011
/gp/bestsellers/amazon-devices,/gp/bestsellers/amazon-devices/17385873011
/gp/bestsellers/amazon-devices,/gp/bestsellers/amazon-devices/121475271011
/gp/bestsellers/electronics,/gp/bestsellers/electronics/9687281011
/gp/bestsellers/electronics,/gp/bestsellers/electronics/9687392011
/gp/bestsellers/electronics,/gp/bestsellers/electronics/24035342011
/gp/bestsellers/electronics,/gp/bestsellers/electronics/9687422011
/gp/bestsellers/electronics,/gp/bestsellers/electronics/9687880011
/gp/bestsellers/electronics,/gp/bestsellers/electronics/9687605011
/gp/bestsellers/electronics,/gp/bestsellers/electronics/9687471011
/gp/bestsellers/electronics,/gp/bestsellers/electronics/9705965011
/gp/bestsellers/electronics,/gp/bestsellers/electronics/9687565011
/gp/bestsellers/electronics,/gp/bestsellers/electronics/9687881011
/gp/bestsellers/electronics,/gp/bestsellers/electronics/9687860011
/gp/bestsellers/electronics,/gp/bestsellers/electronics/9687374011
/gp/bestsellers/electronics,/gp/bestsellers/electronics/9687892011
/gp/bestsellers/electronics,/gp/bestsellers/electronics/10189676011
/gp/bestsellers/electronics,/gp/bestsellers/electronics/15144312011
/gp/bestsellers/electronics,/gp/bestsellers/electronics/9687925011
/gp/bestsellers/electronics,/gp/bestsellers/electronics/9687911011
/gp/bestsellers/tools,/gp/bestsellers/tools/9829500011
/gp/bestsellers/tools,/gp/bestsellers/tools/9827644011
/gp/bestsellers/tools,/gp/bestsellers/tools/9827671011
/gp/bestsellers/tools,/gp/bestsellers/tools/9828088011
/gp/bestsellers/tools,/gp/bestsellers/tools/9827751011
/gp/bestsellers/tools,/gp/bestsellers/tools/9828215011
/gp/bestsellers/tools,/gp/bestsellers/tools/9939347011
/gp/bestsellers/tools,/gp/bestsellers/tools/9829469011
/gp/bestsellers/tools,/gp/bestsellers/tools/9829523011
/gp/bestsellers/tools,/gp/bestsellers/tools/9828087011
/gp/bestsellers/tools,/gp/bestsellers/tools/9829579011
/gp/bestsellers/tools,/gp/bestsellers/tools/9829645011
/gp/bestsellers/kitchen,/gp/bestsellers/kitchen/9756857011
/gp/bestsellers/kitchen,/gp/bestsellers/kitchen/10201738011
/gp/bestsellers/kitchen,/gp/bestsellers/kitchen/9725297011
/gp/bestsellers/kitchen,/gp/bestsellers/kitchen/24426809011
/gp/bestsellers/kitchen,/gp/bestsellers/kitchen/9756950011
/gp/bestsellers/kitchen,/gp/bestsellers/kitchen/9757431011
/gp/bestsellers/kitchen,/gp/bestsellers/kitchen/9725442011
/gp/bestsellers/kitchen,/gp/bestsellers/kitchen/9721682011
/gp/bestsellers/kitchen,/gp/bestsellers/kitchen/11525771011
/gp/bestsellers/kitchen,/gp/bestsellers/kitchen/9757037011
/gp/bestsellers/kitchen,/gp/bestsellers/kitchen/9939347011
/gp/bestsellers/kitchen,/gp/bestsellers/kitchen/9757251011
/gp/bestsellers/kitchen,/gp/bestsellers/kitchen/9757416011
/gp/bestsellers/industrial,/gp/bestsellers/industrial/24002907011
/gp/bestsellers/industrial,/gp/bestsellers/industrial/9828027011
/gp/bestsellers/industrial,/gp/bestsellers/industrial/12499346011
/gp/bestsellers/industrial,/gp/bestsellers/industrial/24002906011
/gp/bestsellers/industrial,/gp/bestsellers/industrial/24002904011
/gp/bestsellers/industrial,/gp/bestsellers/industrial/12499360011
/gp/bestsellers/industrial,/gp/bestsellers/industrial/12499356011
/gp/bestsellers/industrial,/gp/bestsellers/industrial/12569832011
/gp/bestsellers/industrial,/gp/bestsellers/industrial/12499358011
/gp/bestsellers/industrial,/gp/bestsellers/industrial/12499368011
/gp/bestsellers/industrial,/gp/bestsellers/industrial/24002903011
/gp/bestsellers/industrial,/gp/bestsellers/industrial/12499366011
/gp/bestsellers/industrial,/gp/bestsellers/industrial/24002905011
/gp/bestsellers/industrial,/gp/bestsellers/industrial/9829597011
/gp/bestsellers/industrial,/gp/bestsellers/industrial/12499362011
/gp/bestsellers/industrial,/gp/bestsellers/industrial/12499371011
/gp/bestsellers/industrial,/gp/bestsellers/industrial/12499373011
/gp/bestsellers/industrial,/gp/bestsellers/industrial/12499387011
/gp/bestsellers/musical-instruments,/gp/bestsellers/musical-instruments/14652337011
/gp/bestsellers/musical-instruments,/gp/bestsellers/musical-instruments/14652338011
/gp/bestsellers/musical-instruments,/gp/bestsellers/musical-instruments/14652349011
/gp/bestsellers/musical-instruments,/gp/bestsellers/musical-instruments/14652339011
/gp/bestsellers/musical-instruments,/gp/bestsellers/musical-instruments/14652340011
/gp/bestsellers/musical-instruments,/gp/bestsellers/musical-instruments/14652341011
/gp/bestsellers/musical-instruments,/gp/bestsellers/musical-instruments/14652342011
/gp/bestsellers/musical-instruments,/gp/bestsellers/musical-instruments/14652343011
/gp/bestsellers/musical-instruments,/gp/bestsellers/musical-instruments/14652344011
/gp/bestsellers/musical-instruments,/gp/bestsellers/musical-instruments/14652345011
/gp/bestsellers/musical-instruments,/gp/bestsellers/musical-instruments/14652346011
/gp/bestsellers/musical-instruments,/gp/bestsellers/musical-instruments/14652347011
/gp/bestsellers/musical-instruments,/gp/bestsellers/musical-instruments/14652348011
/gp/bestsellers/toys,/gp/bestsellers/toys/11337412011
/gp/bestsellers/toys,/gp/bestsellers/toys/11337413011
/gp/bestsellers/toys,/gp/bestsellers/toys/11337414011
/gp/bestsellers/toys,/gp/bestsellers/toys/11337418011
/gp/bestsellers/toys,/gp/bestsellers/toys/11337421011
/gp/bestsellers/toys,/gp/bestsellers/toys/11337422011
/gp/bestsellers/toys,/gp/bestsellers/toys/11337420011
/gp/bestsellers/toys,/gp/bestsellers/toys/20940159011
/gp/bestsellers/toys,/gp/bestsellers/toys/11337424011
/gp/bestsellers/toys,/gp/bestsellers/toys/11337425011
/gp/bestsellers/toys,/gp/bestsellers/toys/11337426011
/gp/bestsellers/toys,/gp/bestsellers/toys/11337427011
/gp/bestsellers/toys,/gp/bestsellers/toys/11337428011
/gp/bestsellers/toys,/gp/bestsellers/toys/11337429011
/gp/bestsellers/toys,/gp/bestsellers/toys/11337430011
/gp/bestsellers/toys,/gp/bestsellers/toys/11337504011
/gp/bestsellers/toys,/gp/bestsellers/toys/11337431011
/gp/bestsellers/toys,/gp/bestsellers/toys/11337432011
/gp/bestsellers/toys,/gp/bestsellers/toys/11337433011
/gp/bestsellers/books,/gp/bestsellers/books/9535742011
/gp/bestsellers/books,/gp/bestsellers/books/9569643011
/gp/bestsellers/books,/gp/bestsellers/books/9569842011
/gp/bestsellers/books,/gp/bestsellers/books/9569853011
/gp/bestsellers/books,/gp/bestsellers/books/9569897011
/gp/bestsellers/books,/gp/bestsellers/books/9569917011
/gp/bestsellers/books,/gp/bestsellers/books/9570164011
/gp/bestsellers/books,/gp/bestsellers/books/9570133011
/gp/bestsellers/books,/gp/bestsellers/books/9570233011
/gp/bestsellers/books,/gp/bestsellers/books/9570329011
/gp/bestsellers/books,/gp/bestsellers/books/9571549011
/gp/bestsellers/books,/gp/bestsellers/books/9571555011
/gp/bestsellers/books,/gp/bestsellers/books/9571559011
/gp/bestsellers/books,/gp/bestsellers/books/9571693011
/gp/bestsellers/books,/gp/bestsellers/books/9571770011
/gp/bestsellers/books,/gp/bestsellers/books/9575532011
/gp/bestsellers/books,/gp/bestsellers/books/16705443011
/gp/bestsellers/books,/gp/bestsellers/books/9647825011
/gp/bestsellers/books,/gp/bestsellers/books/9575666011
/gp/bestsellers/books,/gp/bestsellers/books/9575806011
/gp/bestsellers/books,/gp/bestsellers/books/9575830011
/gp/bestsellers/books,/gp/bestsellers/books/9576017011
/gp/bestsellers/books,/gp/bestsellers/books/9576054011
/gp/bestsellers/books,/gp/bestsellers/books/9576190011
/gp/bestsellers/books,/gp/bestsellers/books/9577459011
/gp/bestsellers/books,/gp/bestsellers/books/9577767011
/gp/bestsellers/books,/gp/bestsellers/books/9577787011
/gp/bestsellers/books,/gp/bestsellers/books/9577922011
/gp/bestsellers/music,/gp/bestsellers/music/9996396011
/gp/bestsellers/music,/gp/bestsellers/music/9996400011
/gp/bestsellers/music,/gp/bestsellers/music/9996401011
/gp/bestsellers/music,/gp/bestsellers/music/9996402011
/gp/bestsellers/music,/gp/bestsellers/music/9996404011
/gp/bestsellers/music,/gp/bestsellers/music/9996403011
/gp/bestsellers/music,/gp/bestsellers/music/9996405011
/gp/bestsellers/music,/gp/bestsellers/music/9996406011
/gp/bestsellers/music,/gp/bestsellers/music/9996407011
/gp/bestsellers/music,/gp/bestsellers/music/9996408011
/gp/bestsellers/music,/gp/bestsellers/music/9996410011
/gp/bestsellers/music,/gp/bestsellers/music/9996411011
/gp/bestsellers/music,/gp/bestsellers/music/9996418011
/gp/bestsellers/music,/gp/bestsellers/music/9996409011
/gp/bestsellers/music,/gp/bestsellers/music/9996397011
/gp/bestsellers/music,/gp/bestsellers/music/9996412011
/gp/bestsellers/music,/gp/bestsellers/music/9996417011
/gp/bestsellers/music,/gp/bestsellers/music/9996413011
/gp/bestsellers/music,/gp/bestsellers/music/9996414011
/gp/bestsellers/music,/gp/bestsellers/music/9996415011
/gp/bestsellers/music,/gp/bestsellers/music/9996416011
/gp/bestsellers/officeproduct,/gp/bestsellers/officeproduct/11601016011
/gp/bestsellers/officeproduct,/gp/bestsellers/officeproduct/11601017011
/gp/bestsellers/officeproduct,/gp/bestsellers/officeproduct/11601018011
/gp/bestsellers/officeproduct,/gp/bestsellers/officeproduct/9705965011
/gp/bestsellers/officeproduct,/gp/bestsellers/officeproduct/11601020011
/gp/bestsellers/officeproduct,/gp/bestsellers/officeproduct/11601021011
/gp/bestsellers/officeproduct,/gp/bestsellers/officeproduct/11601022011
/gp/bestsellers/officeproduct,/gp/bestsellers/officeproduct/11601023011
/gp/bestsellers/officeproduct,/gp/bestsellers/officeproduct/11601024011
/gp/bestsellers/officeproduct,/gp/bestsellers/officeproduct/11337434011
/gp/bestsellers/dvd,/gp/bestsellers/dvd/11267061011
/gp/bestsellers/dvd,/gp/bestsellers/dvd/10133927011
/gp/bestsellers/handmade,/gp/bestsellers/handmade/121192088011
/gp/bestsellers/handmade,/gp/bestsellers/handmade/121192089011
/gp/bestsellers/handmade,/gp/bestsellers/handmade/121192092011
/gp/bestsellers/handmade,/gp/bestsellers/handmade/121192090011
/gp/bestsellers/handmade,/gp/bestsellers/handmade/121192096011
/gp/bestsellers/handmade,/gp/bestsellers/handmade/121192093011
/gp/bestsellers/handmade,/gp/bestsellers/handmade/121192095011
/gp/bestsellers/handmade,/gp/bestsellers/handmade/121192091011
/gp/bestsellers/handmade,/gp/bestsellers/handmade/121192094011
/gp/bestsellers/pet-supplies,/gp/bestsellers/pet-supplies/12478514011
/gp/bestsellers/pet-supplies,/gp/bestsellers/pet-supplies/12478515011
/gp/bestsellers/pet-supplies,/gp/bestsellers/pet-supplies/12478517011
/gp/bestsellers/pet-supplies,/gp/bestsellers/pet-supplies/20949686011
/gp/bestsellers/pet-supplies,/gp/bestsellers/pet-supplies/12478518011
/gp/bestsellers/pet-supplies,/gp/bestsellers/pet-supplies/12478519011
/gp/bestsellers/pet-supplies,/gp/bestsellers/pet-supplies/12478520011
/gp/bestsellers/pet-supplies,/gp/bestsellers/pet-supplies/12478521011
/gp/bestsellers/pet-supplies,/gp/bestsellers/pet-supplies/12478522011
/gp/bestsellers/shoes,/gp/bestsellers/shoes/14092998011
/gp/bestsellers/shoes,/gp/bestsellers/shoes/14092999011
/gp/bestsellers/shoes,/gp/bestsellers/shoes/14093001011
/gp/bestsellers/shoes,/gp/bestsellers/shoes/14093000011
/gp/bestsellers/shoes,/gp/bestsellers/shoes/14093002011
/gp/bestsellers/shoes,/gp/bestsellers/shoes/14093003011
/gp/bestsellers/shoes,/gp/bestsellers/shoes/14093004011
/gp/bestsellers/shoes,/gp/bestsellers/shoes/14093005011
/gp/bestsellers/shoes,/gp/bestsellers/shoes/23575791011
/gp/bestsellers/shoes,/gp/bestsellers/shoes/14093007011
/gp/bestsellers/hpc,/gp/bestsellers/hpc/24422245011
/gp/bestsellers/hpc,/gp/bestsellers/hpc/10178362011
/gp/bestsellers/hpc,/gp/bestsellers/hpc/9845550011
/gp/bestsellers/hpc,/gp/bestsellers/hpc/9845954011
/gp/bestsellers/hpc,/gp/bestsellers/hpc/9845594011
/gp/bestsellers/hpc,/gp/bestsellers/hpc/9845638011
/gp/bestsellers/hpc,/gp/bestsellers/hpc/11525771011
/gp/bestsellers/hpc,/gp/bestsellers/hpc/9845549011
/gp/bestsellers/hpc,/gp/bestsellers/hpc/16610217011
/gp/bestsellers/hpc,/gp/bestsellers/hpc/9846045011
/gp/bestsellers/hpc,/gp/bestsellers/hpc/9845666011
/gp/bestsellers/hpc,/gp/bestsellers/hpc/9845682011
/gp/bestsellers/software,/gp/bestsellers/software/10098028011
/gp/bestsellers/software,/gp/bestsellers/software/10097930011
/gp/bestsellers/software,/gp/bestsellers/software/10098153011
/gp/bestsellers/software,/gp/bestsellers/software/10097990011
/gp/bestsellers/software,/gp/bestsellers/software/10098023011
/gp/bestsellers/software,/gp/bestsellers/software/10098052011
/gp/bestsellers/software,/gp/bestsellers/software/10098059011
/gp/bestsellers/software,/gp/bestsellers/software/10097946011
/gp/bestsellers/software,/gp/bestsellers/software/10098113011
/gp/bestsellers/software,/gp/bestsellers/software/10098091011
/gp/bestsellers/software,/gp/bestsellers/software/10098103011
/gp/bestsellers/software,/gp/bestsellers/software/10097978011
/gp/bestsellers/software,/gp/bestsellers/software/10098135011
/gp/bestsellers/software,/gp/bestsellers/software/10098084011
/gp/bestsellers/digital-text,/gp/bestsellers/digital-text/6507977011
/gp/bestsellers/videogames,/gp/bestsellers/videogames/10049827011
/gp/bestsellers/videogames,/gp/bestsellers/videogames/10049885011
/gp/bestsellers/videogames,/gp/bestsellers/videogames/21161200011
/gp/bestsellers/videogames,/gp/bestsellers/videogames/16212410011
/gp/bestsellers/videogames,/gp/bestsellers/videogames/206234434011
/gp/bestsellers/videogames,/gp/bestsellers/videogames/10049977011
/gp/bestsellers/videogames,/gp/bestsellers/videogames/10050054011
/gp/bestsellers/videogames,/gp/bestsellers/videogames/20972079011
/gp/bestsellers/videogames,/gp/bestsellers/videogames/31887757011
/gp/bestsellers/videogames,/gp/bestsellers/videogames/10049770011
/gp/bestsellers/videogames,/gp/bestsellers/videogames/120387888011
/gp/bestsellers/videogames,/gp/bestsellers/videogames/10050357011
/gp/bestsellers/videogames,/gp/bestsellers/videogames/20972096011
